Index,Stock Value,Weighted Average,Sigma,Portfolio Value
0,106.12,106.12,0,100
1,104.95,106.085,0.802499,100
2,105.26,106.06,0.801718,100.03
3,105.8,106.052,0.70568,100.081
4,105.715,106.042,0.647923,100.073
5,106.01,106.041,0.591608,100.101
6,106.67,106.06,0.594252,100.164
7,107.14,106.093,0.667941,100.209
8,107.29,106.128,0.739247,100.223
9,106.98,106.154,0.748377,100.193
10,106.73,106.171,0.733166,100.17
11,106.84,106.191,0.7265,100.18
12,106.695,106.206,0.711029,100.166
13,106.365,106.211,0.686397,100.135
14,107.48,106.249,0.735332,100.241
15,110.28,106.37,1.20927,100.508
16,111.66,106.529,1.71028,100.639
17,112.88,106.719,2.20704,100.756
18,112.9,106.905,2.55075,100.758
19,112.07,107.06,2.72693,100.678
20,112.97,107.237,2.9406,100.764
21,111.83,107.375,3.02593,100.656
22,110.78,107.477,3.0385,100.556
23,111.16,107.588,3.06261,100.592
24,112.275,107.728,3.1355,100.698
25,111.7,107.847,3.16609,100.643
26,111.77,107.965,3.19203,100.65
27,112.67,108.106,3.25101,100.736
28,114,108.283,3.36626,100.862
29,114.08,108.457,3.46525,100.87
30,114.12,108.627,3.5488,100.874
31,114.612,108.806,3.64057,100.921
32,114.504,108.977,3.71182,100.91
33,114.26,109.136,3.76094,100.887
34,113.77,109.275,3.7839,100.84
35,111.67,109.347,3.75102,100.64
36,109.93,109.364,3.70115,100.475
37,110.26,109.391,3.65485,100.506
38,110.19,109.415,3.60982,100.499
39,109.915,109.43,3.56524,100.473
40,109.705,109.438,3.52174,100.453
41,109.205,109.431,3.47973,100.405
42,109.13,109.422,3.43932,100.398
43,109.64,109.429,3.40016,100.447
44,109.68,109.436,3.36237,100.451
45,109.815,109.448,3.32606,100.464
46,109.53,109.45,3.29051,100.436
47,109.715,109.458,3.25626,100.454
48,110.24,109.481,3.22469,100.504
49,110.82,109.522,3.19755,100.559
50,110.34,109.546,3.168,100.514
51,110.91,109.587,3.14275,100.568
52,110.86,109.625,3.11757,100.563
53,110.41,109.649,3.09031,100.52
54,110.67,109.679,3.065,100.545
55,110.55,109.706,3.0396,100.534
56,107.75,109.647,3.02328,100.267
57,109.06,109.629,2.99804,100.392
58,109.62,109.629,2.97252,100.445
59,109.99,109.64,2.94799,100.48
60,110.19,109.656,2.92453,100.499
61,109.87,109.663,2.90097,100.469
62,109.96,109.672,2.87808,100.477
63,109.67,109.672,2.85551,100.45
64,111.95,109.74,2.84669,100.667
65,111.74,109.8,2.83511,100.647
66,111.98,109.865,2.82571,100.67
67,111.94,109.928,2.81545,100.666
68,111.61,109.978,2.80187,100.635
69,112.07,110.041,2.79234,100.678
70,112.53,110.116,2.78737,100.722
71,113.35,110.213,2.79253,100.8
72,113.15,110.301,2.79332,100.781
73,113.33,110.392,2.79533,100.798
74,113.98,110.499,2.80557,100.86
75,113.805,110.598,2.81122,100.844
76,113.89,110.697,2.81651,100.852
77,113.34,110.776,2.81341,100.799
78,112.44,110.826,2.80143,100.714
79,112.68,110.882,2.79112,100.737
80,112.89,110.942,2.78227,100.757
81,112.98,111.003,2.77385,100.765
82,113.07,111.065,2.76586,100.774
83,112.97,111.122,2.75672,100.764
84,113.6,111.197,2.75283,100.824
85,113.21,111.257,2.74487,100.787
86,113.12,111.313,2.73591,100.778
87,113.31,111.373,2.72815,100.797
88,113.116,111.425,2.71869,100.778
89,113.08,111.475,2.70884,100.775
90,113.29,111.529,2.70023,100.795
91,111.59,111.531,2.68552,100.633
92,111.68,111.536,2.67108,100.641
93,110.825,111.514,2.65779,100.56
94,110.74,111.491,2.64489,100.552
95,110.37,111.457,2.63342,100.516
96,110.82,111.438,2.62056,100.559
97,110.65,111.415,2.6083,100.543
98,111.06,111.404,2.59532,100.582
99,110.3,111.371,2.58453,100.51
100,109.815,111.324,2.57609,100.464
101,108.62,111.243,2.57655,100.35
102,107.535,111.132,2.58839,100.156
103,107.17,111.013,2.60334,100.064
104,106.745,110.885,2.62222,99.9273
105,106.76,110.761,2.6386,99.933
106,106.78,110.642,2.65265,99.9418
107,106.74,110.525,2.66533,99.9222
108,105.29,110.368,2.69729,99.1496
109,104.45,110.19,2.74021,98.6677
110,103.68,109.995,2.79292,98.1974
111,104.1,109.818,2.83243,98.468
112,104.28,109.652,2.86479,98.5895
113,104.66,109.502,2.88803,98.8561
114,105.14,109.371,2.90239,99.2046
115,104.8,109.234,2.91903,98.9503
116,104.88,109.103,2.93264,99.0117
117,104.93,108.978,2.94387,99.051
118,105.162,108.864,2.95105,99.2372
119,105.32,108.758,2.95543,99.3656
120,105.36,108.656,2.9584,99.3987
121,105.02,108.547,2.9635,99.1133
122,104.48,108.425,2.97278,98.6543
123,105.8,108.346,2.96959,99.7887
124,105.47,108.26,2.96819,99.5051
125,105.69,108.182,2.96472,99.694
126,105.86,108.113,2.95978,99.8403
127,105.76,108.042,2.95509,99.7543
128,105.58,107.968,2.95111,99.5996
129,105.65,107.899,2.94635,99.6598
130,106.55,107.858,2.93731,100.433
131,106.94,107.831,2.92719,100.768
132,106.94,107.804,2.91712,100.768
133,107.27,107.788,2.90656,101.052
134,107.03,107.765,2.89647,100.846
135,107.23,107.749,2.88614,101.018
136,108.525,107.772,2.87631,102.131
137,108.019,107.78,2.86594,101.695
138,108.16,107.791,2.85578,101.817
139,108.03,107.798,2.84563,101.705
140,108.08,107.807,2.83562,101.748
141,107.96,107.811,2.82564,101.645
142,107.495,107.802,2.81586,101.245
143,109.07,107.84,2.80794,102.599
144,107.995,107.845,2.79827,101.675
145,108.14,107.854,2.78877,101.8
146,108.48,107.872,2.77972,102.092
147,108.31,107.885,2.77053,101.946
148,108.07,107.891,2.76126,101.74
149,107.95,107.893,2.75204,101.636
150,107.94,107.894,2.74292,101.628
151,107.83,107.892,2.73389,101.533
152,107.93,107.893,2.72494,101.619
153,107.52,107.882,2.71623,101.267
154,107.88,107.882,2.70746,101.576
155,107.94,107.884,2.69877,101.628
156,107.82,107.882,2.69017,101.525
157,107.26,107.863,2.68207,101.043
158,107.31,107.847,2.67396,101.086
159,108.53,107.867,2.6661,102.135
160,108.76,107.894,2.65869,102.333
161,108.56,107.914,2.65096,102.161
162,108.8,107.941,2.64367,102.367
163,108.975,107.972,2.63676,102.517
164,108.58,107.99,2.62916,102.178
165,109.967,108.049,2.62545,103.37
166,109.8,108.102,2.62088,103.226
167,109.24,108.136,2.61445,102.745
168,109.45,108.175,2.60855,102.926
169,109.64,108.219,2.60315,103.089
170,109.67,108.263,2.59776,103.115
171,109.08,108.287,2.5909,102.608
172,109.11,108.312,2.58411,102.633
173,108.8,108.327,2.57693,102.367
174,109.28,108.355,2.5705,102.779
175,109.61,108.393,2.56483,103.063
176,109.66,108.431,2.55925,103.106
177,110.135,108.482,2.55505,103.514
178,109.69,108.518,2.54941,103.132
179,109.63,108.552,2.54359,103.08
180,108.55,108.551,2.53655,102.152
181,108.61,108.553,2.52958,102.204
182,108.51,108.552,2.52266,102.118
183,108.12,108.539,2.51598,101.783
184,107.8,108.517,2.50973,101.508
185,107.995,108.501,2.50325,101.675
186,107.9,108.483,2.49691,101.593
187,108.98,108.498,2.49051,102.522
188,108.38,108.494,2.48393,102.006
189,108.72,108.501,2.47743,102.298
190,108.83,108.511,2.47105,102.393
191,108.75,108.518,2.46466,102.324
192,110.41,108.575,2.46181,103.751
193,108.92,108.585,2.45558,102.47
194,109.63,108.617,2.45035,103.08
195,109.645,108.648,2.44512,103.093
196,109.51,108.673,2.43964,102.977
197,109.355,108.694,2.43392,102.844
198,108.52,108.689,2.42783,102.126
199,108.28,108.676,2.42192,101.92
200,107.79,108.65,2.41664,101.499
201,107.77,108.623,2.4114,101.482
202,107.53,108.591,2.40661,101.275
203,107.78,108.566,2.40133,101.49
204,108.03,108.55,2.39574,101.705
205,108.475,108.548,2.38993,102.088
206,108.3,108.541,2.38421,101.937
207,108.255,108.532,2.37855,101.898
208,108.15,108.52,2.37299,101.808
209,108.79,108.529,2.3674,102.358
210,108.92,108.54,2.36193,102.47
211,108.96,108.553,2.35652,102.504
212,108.95,108.565,2.35113,102.496
213,109.83,108.603,2.34713,103.252
214,109.13,108.619,2.34192,102.651
215,109.34,108.64,2.33698,102.831
216,109.94,108.679,2.33316,103.347
217,108.88,108.685,2.32784,102.436
218,107.815,108.659,2.32322,101.52
219,107.66,108.629,2.31885,101.387
220,108.11,108.614,2.31385,101.774
221,107.96,108.594,2.30902,101.645
222,108.79,108.6,2.30388,102.358
223,108.685,108.602,2.29873,102.268
224,108.3,108.593,2.2937,101.937
225,108.64,108.595,2.28862,102.229
226,108.53,108.593,2.28358,102.135
227,109.405,108.617,2.27917,102.887
228,109.76,108.651,2.27536,103.192
229,110.305,108.701,2.27287,103.66
230,110.85,108.766,2.27209,104.129
231,110.59,108.82,2.27016,103.905
232,110.1,108.859,2.26675,103.484
233,110.35,108.903,2.26387,103.699
234,110,108.936,2.26012,103.398
235,109.65,108.958,2.25577,103.097
236,109.4,108.971,2.25118,102.883
237,109.45,108.985,2.24665,102.926
238,109.55,109.002,2.24223,103.011
239,109.57,109.019,2.23783,103.029
240,109.52,109.034,2.2334,102.986
241,108.28,109.012,2.22928,101.92
242,107.715,108.973,2.22615,101.434
243,108.17,108.949,2.22214,101.825
244,107.905,108.917,2.21855,101.598
245,108.09,108.893,2.21462,101.757
246,107.83,108.861,2.21111,101.533
247,107.52,108.82,2.20819,101.267
248,107,108.766,2.20659,100.82
249,107.745,108.735,2.20307,101.46
250,108.58,108.731,2.19869,102.178
251,108.87,108.735,2.19434,102.427
252,108.55,108.729,2.19003,102.152
253,108.95,108.736,2.18576,102.496
254,108.645,108.733,2.18147,102.234
255,108.69,108.732,2.17721,102.272
256,108.76,108.733,2.17297,102.333
257,110.06,108.772,2.17024,103.45
258,110.15,108.814,2.16763,103.527
259,110.135,108.853,2.16492,103.514
260,109.18,108.863,2.16086,102.693
261,108.57,108.854,2.1568,102.169
262,109.87,108.885,2.15355,103.286
263,109.97,108.917,2.15045,103.372
264,109.62,108.939,2.1468,103.072
265,109.45,108.954,2.14297,102.926
266,109.49,108.97,2.13919,102.96
267,109.66,108.991,2.13559,103.106
268,109.83,109.016,2.13219,103.252
269,109.864,109.041,2.12883,103.281
270,108.05,109.012,2.1257,101.722
271,107.875,108.977,2.12284,101.572
272,108.195,108.954,2.11945,101.847
273,108.6,108.943,2.11568,102.195
274,109.2,108.951,2.11188,102.711
275,109.28,108.961,2.10814,102.779
276,109.79,108.986,2.10489,103.218
277,109.97,109.015,2.10188,103.372
278,108.94,109.013,2.09811,102.487
279,108.64,109.002,2.09447,102.229
280,109.04,109.003,2.09074,102.573
281,109.87,109.029,2.08764,103.286
282,109.905,109.055,2.08456,103.317
283,110.31,109.093,2.08213,103.665
284,111.68,109.171,2.08379,104.842
285,110.635,109.215,2.08184,103.944
286,109.57,109.225,2.07831,103.029
287,108.89,109.215,2.07478,102.444
288,108.77,109.202,2.07135,102.341
289,108.72,109.187,2.06795,102.298
290,108.9,109.179,2.06446,102.453
291,109.29,109.182,2.06093,102.788
292,108.59,109.164,2.05769,102.186
293,108.61,109.148,2.05442,102.204
294,108.35,109.124,2.05143,101.98
295,108.239,109.097,2.04857,101.885
296,108.08,109.067,2.04592,101.748
297,107.92,109.032,2.0435,101.611
298,107.71,108.993,2.04143,101.43
299,107.88,108.959,2.03898,101.576
300,107.54,108.917,2.03713,101.284
301,107.79,108.883,2.03473,101.499
302,107.66,108.846,2.03251,101.387
303,107.55,108.807,2.03045,101.293
304,106.07,108.725,2.03281,100.021
305,106.07,108.645,2.03482,100.021
306,106.27,108.574,2.03575,100.196
307,106.23,108.504,2.03657,100.161
308,106.261,108.437,2.03704,100.188
309,106.52,108.379,2.03649,100.419
310,106.41,108.32,2.03609,100.321
311,106.07,108.253,2.03658,100.017
312,107.355,108.226,2.03392,101.172
313,107.85,108.214,2.03078,101.617
314,107.29,108.187,2.02819,101.114
315,106.65,108.141,2.02671,100.539
316,107.33,108.116,2.02399,101.15
317,107.04,108.084,2.02165,100.889
318,107.43,108.064,2.0188,101.239
319,106.655,108.022,2.01709,100.543
320,106.79,107.985,2.01505,100.664
321,106.45,107.939,2.01363,100.359
322,105.94,107.879,2.0134,99.9005
323,105.58,107.81,2.0141,99.5771
324,105.17,107.731,2.01601,99.2068
325,103.83,107.614,2.0238,97.9914
326,104.42,107.518,2.02795,98.5287
327,104.38,107.424,2.03182,98.4922
328,104.18,107.327,2.03613,98.3088
329,104.16,107.232,2.04007,98.2904
330,104.29,107.143,2.04301,98.4103
331,104.33,107.059,2.04542,98.4472
332,105.47,107.011,2.04409,99.503
333,103.29,106.9,2.05057,97.4841
334,103.14,106.787,2.05717,97.3449
335,103.03,106.674,2.06371,97.2426
336,103.09,106.567,2.06933,97.2985
337,102.94,106.458,2.07511,97.1587
338,102.89,106.351,2.08055,97.112
339,100.96,106.189,2.09676,95.3086
340,101.8,106.057,2.10633,96.0943
341,101.895,105.933,2.11455,96.1832
342,101.22,105.791,2.12585,95.5508
343,101.015,105.648,2.1374,95.3585
344,100.95,105.507,2.14835,95.2975
345,101.23,105.379,2.15681,95.5604
346,96.98,105.127,2.19765,91.5679
347,96.73,104.875,2.2375,91.333
348,97.83,104.663,2.26404,92.3673
349,97.85,104.459,2.28824,92.3861
350,98.82,104.29,2.30355,93.2989
351,98.855,104.127,2.31738,93.3319
352,98.84,103.968,2.33013,93.3178
353,98.7,103.81,2.34264,93.1859
354,98.48,103.65,2.35537,92.9786
355,98.85,103.506,2.36497,93.3273
356,98.21,103.347,2.37726,92.7241
357,98,103.187,2.38971,92.5261
358,97.88,103.028,2.4018,92.413
359,98.18,102.882,2.41123,92.6959
360,98.5,102.751,2.41826,92.9977
361,98.26,102.616,2.42575,92.7713
362,98.55,102.494,2.43123,93.0449
363,98.47,102.373,2.4365,92.9694
364,98.04,102.243,2.44308,92.5637
365,98.68,102.136,2.44642,93.1675
366,98.825,102.037,2.44883,93.3044
367,99.59,101.964,2.44863,94.0262
368,99.61,101.893,2.4482,94.0451
369,99.12,101.81,2.44889,93.5827
370,99.3,101.735,2.44885,93.7526
371,99.74,101.675,2.44761,94.1678
372,99.29,101.603,2.44726,93.7432
373,99.275,101.533,2.44677,93.729
374,99.91,101.485,2.44486,94.3282
375,100.66,101.46,2.44196,95.036
376,101.17,101.451,2.43876,95.5173
377,101.81,101.462,2.4356,96.1212
378,101.58,101.466,2.43239,95.9042
379,101.67,101.472,2.42921,95.9891
380,101.9,101.485,2.42611,96.2062
381,101.64,101.489,2.42295,95.9608
382,101.66,101.494,2.4198,95.9797
383,102.25,101.517,2.41693,96.5364
384,102.81,101.556,2.41464,97.0649
385,102.511,101.584,2.41197,96.7831
386,102.231,101.604,2.40906,96.5182
387,102.42,101.628,2.40629,96.6969
388,102.62,101.658,2.40369,96.8856
389,102.64,101.688,2.40109,96.9045
390,102.06,101.699,2.39809,96.3571
391,101.97,101.707,2.39507,96.2722
392,102.04,101.717,2.39207,96.3383
393,101.95,101.724,2.38906,96.2533
394,101.795,101.726,2.38604,96.1071
395,101.97,101.733,2.38305,96.2722
396,102.485,101.756,2.38033,96.7582
397,102.07,101.765,2.37739,96.3666
398,102.195,101.778,2.3745,96.4845
399,101.95,101.783,2.37154,96.2533
400,102.06,101.792,2.36862,96.3571
401,102.3,101.807,2.3658,96.5836
402,101.5,101.798,2.36291,95.8287
403,100.76,101.767,2.36052,95.1304
404,101.07,101.746,2.35784,95.4229
405,100.77,101.716,2.3554,95.1398
406,100.4,101.677,2.35336,94.7906
407,100.835,101.652,2.35082,95.2011
408,100.27,101.61,2.34888,94.668
409,99.92,101.559,2.34741,94.3377
410,99.64,101.502,2.34635,94.0734
411,99.15,101.431,2.3462,93.611
412,99.575,101.376,2.34503,94.0121
413,99.68,101.325,2.34359,94.1112
414,99.9,101.282,2.34175,94.3188
415,100.08,101.246,2.33963,94.4887
416,98.375,101.16,2.3408,92.8797
417,98.01,101.065,2.34277,92.5352
418,97.87,100.969,2.34486,92.4031
419,98.15,100.885,2.34587,92.6674
420,98.02,100.799,2.34699,92.5447
421,97.915,100.712,2.34816,92.4456
422,97.98,100.63,2.34892,92.5069
423,98.1,100.555,2.34918,92.6202
424,97.74,100.47,2.35015,92.2804
425,97.685,100.387,2.35103,92.2285
426,97.51,100.3,2.35216,92.0633
427,97.39,100.213,2.35337,91.95
428,97.47,100.131,2.35413,92.0255
429,97.57,100.054,2.35444,92.1199
430,98.33,100.002,2.35308,92.8374
431,97.92,99.9397,2.35237,92.4503
432,97.55,99.868,2.35229,92.101
433,97.29,99.7906,2.35264,91.8556
434,97.25,99.7144,2.3529,91.8178
435,97.075,99.6352,2.3534,91.6526
436,96.77,99.5493,2.35446,91.3647
437,96.99,99.4725,2.35476,91.5724
438,96.4,99.3803,2.35638,91.0154
439,96.435,99.292,2.35764,91.0484
440,96.73,99.2151,2.35793,91.3269
441,96.885,99.1452,2.35772,91.4732
442,96.65,99.0703,2.35786,91.2514
443,96.21,98.9845,2.35888,90.836
444,96.3,98.904,2.35946,90.9209
445,96.425,98.8296,2.35956,91.039
446,97.055,98.7764,2.35833,91.6337
447,96.8,98.7171,2.35743,91.393
448,96.525,98.6513,2.35694,91.1334
449,96.185,98.5773,2.35702,90.8124
450,96.1,98.503,2.35713,90.7321
451,96.805,98.4521,2.35579,91.3977
452,96.24,98.3857,2.35535,90.8643
453,96.53,98.33,2.35427,91.1381
454,96.91,98.2874,2.35257,91.4969
455,97.1,98.2518,2.35061,91.6762
456,97.41,98.2266,2.34834,91.9689
457,97.385,98.2013,2.34609,91.9453
458,98.15,98.1998,2.34353,92.6676
459,97.51,98.1791,2.34119,92.0633
460,96.725,98.1355,2.33957,91.3222
461,96.635,98.0905,2.33802,91.2372
462,96.26,98.0355,2.33695,90.8832
463,96.17,97.9796,2.33594,90.7982
464,96.43,97.9331,2.33447,91.0437
465,96,97.8751,2.33358,90.6377
466,96.0625,97.8207,2.3325,90.6967
467,95.985,97.7656,2.33146,90.6235
468,95.53,97.6986,2.33113,90.194
469,95.41,97.6299,2.3309,90.0807
470,95.46,97.5648,2.33044,90.1279
471,95.41,97.5002,2.32996,90.0807
472,95.04,97.4264,2.33008,89.7314
473,94.835,97.3486,2.33048,89.5378
474,94.855,97.2738,2.33067,89.5567
475,94.62,97.1942,2.33121,89.3348
476,94.675,97.1186,2.33145,89.3868
477,94.8319,97.05,2.33122,89.5349
478,94.75,96.981,2.33101,89.4576
479,93.97,96.8907,2.3324,88.7211
480,95.225,96.8407,2.33113,89.906
481,95.155,96.7902,2.32991,89.8399
482,95.14,96.7406,2.32863,89.8258
483,94.845,96.6838,2.32773,89.5473
484,94.29,96.612,2.32771,89.0233
485,94.22,96.5402,2.3277,88.9572
486,93.42,96.4466,2.32935,88.2019
487,92.61,96.3315,2.33305,87.4371
488,92.58,96.219,2.33647,87.4088
489,92.57,96.1095,2.33955,87.3994
490,92.5,96.0012,2.3425,87.3333
491,92.37,95.8923,2.3455,87.2105
492,91.7406,95.7677,2.35013,86.6163
493,91.58,95.6421,2.35485,86.4647
494,91.46,95.5166,2.35953,86.3514
495,91.4805,95.3955,2.3637,86.3707
496,91.39,95.2754,2.36774,86.2853
497,91.02,95.1477,2.37258,85.9359
498,90.82,95.0179,2.37764,85.7471
499,90.955,94.896,2.38179,85.8746
500,90,94.7491,2.38886,84.9729
501,90.54,94.6228,2.39342,85.4828
502,90.675,94.5044,2.39713,85.6102
503,90.68,94.3897,2.40045,85.6149
504,90.42,94.2706,2.40418,85.3695
505,90.555,94.1591,2.40714,85.4969
506,90.34,94.0445,2.41039,85.2939
507,90,93.9232,2.4143,84.9729
508,90.51,93.8208,2.41639,85.4544
509,90.38,93.7176,2.41854,85.3317
510,90.5488,93.6225,2.41999,85.4911
511,90.25,93.5213,2.42195,85.209
512,90.02,93.4163,2.42423,84.9918
513,89.9,93.3108,2.42654,84.8785
514,90.56,93.2283,2.42703,85.5016
515,89.97,93.1305,2.42866,84.9446
516,89.835,93.0317,2.43038,84.8171
517,89.47,92.9248,2.43278,84.4725
518,89.27,92.8152,2.43541,84.2837
519,89.66,92.7205,2.43677,84.6519
520,89.58,92.6263,2.43808,84.5764
521,88.9375,92.5156,2.44077,83.9698
522,88.87,92.4063,2.44334,83.906
523,89.395,92.3159,2.44434,84.4017
524,89.7701,92.2396,2.44439,84.7559
525,89.34,92.1526,2.44514,84.3498
526,89.34,92.0682,2.44571,84.3498
527,89.445,91.9895,2.4459,84.4489
528,99.37,92.2109,2.46333,93.8195
529,96.5,92.3396,2.46763,91.1099
530,95.22,92.426,2.46829,89.9013
531,95.195,92.5091,2.46871,89.8777
532,95.84,92.609,2.47036,90.4867
533,95.8,92.7047,2.47168,90.449
534,95.77,92.7967,2.47271,90.4206
535,96.2,92.8988,2.47452,90.8266
536,94.1632,92.9367,2.47278,88.9036
537,94.805,92.9928,2.47172,89.5095
538,94.455,93.0366,2.47018,89.1791
539,94.52,93.0811,2.46867,89.2404
540,94.65,93.1282,2.46725,89.3632
541,94.7,93.1754,2.46584,89.4104
542,94.32,93.2097,2.46403,89.0516
543,95.0399,93.2646,2.46294,89.7313
544,94.72,93.3083,2.46143,89.4293
545,95.1,93.362,2.46029,89.788
546,94.99,93.4109,2.45897,89.6842
547,94.9018,93.4556,2.4575,89.6009
548,94.89,93.4986,2.45598,89.5898
549,95.58,93.5611,2.45526,90.2412
550,95.48,93.6186,2.45431,90.1468
551,95.59,93.6778,2.45344,90.2507
552,95.67,93.7375,2.4526,90.3262
553,95.64,93.7946,2.45163,90.2979
554,95.71,93.8521,2.45069,90.364
555,96,93.9165,2.45008,90.6378
556,95.79,93.9727,2.44909,90.4395
557,95.96,94.0323,2.44826,90.6
558,95.57,94.0785,2.44688,90.2318
559,95.93,94.134,2.44587,90.5717
560,95.695,94.1808,2.44453,90.3498
561,95.93,94.2333,2.4434,90.5717
562,95.97,94.2854,2.44226,90.6095
563,95.79,94.3306,2.44087,90.4395
564,95.68,94.371,2.43933,90.3357
565,96.62,94.4385,2.4389,91.2232
566,96.98,94.5147,2.43895,91.563
567,97.4,94.6013,2.43963,91.9596
568,97.47,94.6874,2.44027,92.0257
569,97.305,94.7659,2.44045,91.8699
570,96.78,94.8263,2.43968,91.3742
571,96.5,94.8765,2.43849,91.1099
572,96.1,94.9132,2.43687,90.7322
573,96.18,94.9512,2.43528,90.8077
574,96.48,94.9971,2.43395,91.091
575,96.955,95.0558,2.43312,91.5394
576,97.055,95.1158,2.43235,91.6339
577,97.25,95.1798,2.43177,91.818
578,98.605,95.2826,2.43359,93.0973
579,98.655,95.3838,2.43529,93.1445
580,98.15,95.4668,2.43573,92.6677
581,98.04,95.5439,2.43584,92.5638
582,97.585,95.6052,2.43513,92.1342
583,97.495,95.6619,2.43423,92.0493
584,98.31,95.7413,2.43446,92.8187
585,98.7,95.8301,2.43527,93.187
586,98.35,95.9057,2.43529,92.8565
587,98.4,95.9805,2.43526,92.9037
588,98.375,96.0523,2.43507,92.8801
589,98.44,96.124,2.43488,92.9415
590,98.46,96.1941,2.4346,92.9604
591,99.54,96.2944,2.4362,93.98
592,99.1,96.3786,2.43671,93.5646
593,99.34,96.4674,2.43751,93.7912
594,99.42,96.556,2.43829,93.8667
595,98.75,96.6218,2.4378,93.2342
596,98.845,96.6885,2.43736,93.3239
597,99.13,96.7618,2.43724,93.5929
598,99.585,96.8465,2.43778,94.0225
599,100.23,96.948,2.43943,94.6315
600,100.105,97.0427,2.44059,94.5135
601,100.36,97.1422,2.44209,94.7542
602,99.63,97.2168,2.44204,94.065
603,99.97,97.2994,2.44244,94.386
604,99.94,97.3787,2.44264,94.3577
605,99.72,97.4489,2.44237,94.15
606,101.93,97.5833,2.44672,96.2365
607,102.07,97.7179,2.45107,96.3687
608,102.18,97.8518,2.45533,96.4726
609,102.37,97.9873,2.45973,96.652
610,102.42,98.1203,2.46386,96.6992
611,102.52,98.2523,2.46789,96.7936
612,101.97,98.3638,2.47017,96.2743
613,102.74,98.4951,2.47409,97.0013
614,102.86,98.6261,2.47797,97.1146
615,103.25,98.7648,2.48255,97.4828
616,102.84,98.887,2.48563,97.0957
617,102.95,99.0089,2.48867,97.1996
618,103.115,99.1321,2.49181,97.3554
619,102.97,99.2472,2.49429,97.2185
620,103.155,99.3645,2.49691,97.3931
621,103.235,99.4806,2.49944,97.4687
622,103.17,99.5913,2.50155,97.4073
623,103.44,99.7067,2.50401,97.6622
624,103.35,99.816,2.50599,97.5772
625,103.59,99.9293,2.50826,97.8038
626,103.77,100.044,2.51067,97.9738
627,103.31,100.142,2.51186,97.5395
628,103.48,100.243,2.51318,97.7
629,103.59,100.343,2.51451,97.8038
630,104.3,100.462,2.51716,98.4742
631,103.56,100.555,2.51801,97.7755
632,103.205,100.634,2.51809,97.4403
633,103.32,100.715,2.51823,97.5489
634,103,100.783,2.51778,97.2468
635,102.91,100.847,2.51713,97.1618
636,102.91,100.909,2.51641,97.1618
637,103.02,100.972,2.51574,97.2657
638,102.74,101.025,2.51469,97.0013
639,102.76,101.077,2.5136,97.0202
640,102.21,101.111,2.51201,96.5009
641,102.93,101.166,2.51102,97.1807
642,103.04,101.222,2.51009,97.2845
643,103.03,101.276,2.50909,97.2751
644,103.56,101.345,2.50867,97.7755
645,103.55,101.411,2.50814,97.7661
646,103.02,101.459,2.50695,97.2657
647,103.66,101.525,2.50642,97.8699
648,105.17,101.635,2.50833,99.2956
649,105.21,101.742,2.51008,99.3333
650,104.57,101.827,2.51046,98.7291
651,105.035,101.923,2.51149,99.1681
652,105.03,102.016,2.51234,99.1634
653,105.16,102.111,2.51325,99.2861
654,104.46,102.181,2.51291,98.6252
655,104.174,102.241,2.51212,98.3556
656,104.55,102.31,2.51173,98.7102
657,104.365,102.372,2.51103,98.5355
658,104.24,102.428,2.51011,98.4175
659,103.98,102.474,2.50889,98.172
660,103.765,102.513,2.50747,97.9691
661,102.18,102.503,2.50561,96.4726
662,100.885,102.455,2.50446,95.2499
663,100.87,102.407,2.50328,95.2358
664,101.04,102.366,2.50193,95.3963
665,100.35,102.306,2.5012,94.7448
666,100.38,102.248,2.50037,94.7731
667,100.435,102.193,2.49942,94.8251
668,99.78,102.121,2.49919,94.2066
669,99.36,102.038,2.49947,93.8101
670,99.86,101.973,2.49894,94.2822
671,99.15,101.888,2.49931,93.6118
672,98.86,101.797,2.50002,93.338
673,98.3,101.692,2.50158,92.8093
674,98.065,101.584,2.50339,92.5874
675,99,101.506,2.50339,93.4702
676,100.435,101.474,2.50186,94.8251
677,100.69,101.45,2.50019,95.0658
678,100.525,101.423,2.49858,94.91
679,100.86,101.406,2.49683,95.2263
680,101.5,101.409,2.495,95.8306
681,101.875,101.423,2.49323,96.1846
682,101.4,101.422,2.49141,95.7362
683,102.45,101.453,2.48988,96.7275
684,101.99,101.469,2.48814,96.2932
685,101.92,101.482,2.48638,96.2271
686,102.02,101.499,2.48465,96.3215
687,102.28,101.522,2.48301,96.567
688,102.89,101.563,2.48172,97.1429
689,102.55,101.593,2.48019,96.8219
690,101.39,101.587,2.47841,95.7267
691,100.71,101.56,2.47683,95.0847
692,100.455,101.527,2.47537,94.8439
693,100.392,101.493,2.47394,94.7841
694,100.41,101.461,2.47248,94.8015
695,100.48,101.431,2.47097,94.8675
696,102.05,101.45,2.4693,96.3498
697,103.19,101.502,2.46836,97.4262
698,104.01,101.577,2.46831,98.2004
699,104.05,101.651,2.46821,98.2381
700,105.07,101.754,2.46963,99.2012
701,105.12,101.855,2.47094,99.2484
702,105.16,101.954,2.47214,99.2861
703,106.43,102.088,2.4758,100.485
704,107.15,102.24,2.48095,101.165
705,107.46,102.397,2.4865,101.458
706,106.9,102.532,2.49017,100.929
707,106.77,102.659,2.4932,100.806
708,106.99,102.789,2.49643,101.014
709,107.145,102.92,2.49971,101.16
710,106.96,103.041,2.50227,100.986
711,106.65,103.149,2.50395,100.693
712,106.87,103.261,2.50584,100.901
713,107.05,103.374,2.50786,101.071
714,106.95,103.482,2.50946,100.976
715,106.915,103.585,2.5108,100.943
716,107.21,103.693,2.51248,101.222
717,107.32,103.802,2.51416,101.325
718,108.32,103.938,2.51772,102.27
719,108.6,104.078,2.52161,102.534
720,108.6,104.213,2.52515,102.534
721,108.845,104.352,2.52894,102.765
722,109,104.492,2.53274,102.912
723,109.23,104.634,2.53675,103.129
724,109.37,104.776,2.54073,103.261
725,110.164,104.938,2.54638,104.011
726,109.26,105.067,2.54938,103.157
727,109.41,105.198,2.55241,103.299
728,109.45,105.325,2.55523,103.337
729,109.475,105.45,2.55782,103.36
730,109.57,105.573,2.56034,103.45
731,109.82,105.701,2.56312,103.686
732,108.45,105.783,2.56326,102.392
733,108.23,105.856,2.56301,102.185
734,107.27,105.899,2.56177,101.278
735,107.12,105.936,2.5604,101.137
736,107.18,105.973,2.55905,101.193
737,107.01,106.004,2.55758,101.033
738,107.34,106.044,2.55629,101.344
739,106.81,106.067,2.55471,100.844
740,105.88,106.061,2.553,99.9659
741,105.88,106.056,2.55128,99.9659
742,106.07,106.056,2.54957,100.145
743,106.145,106.059,2.54785,100.216
744,106.04,106.058,2.54614,100.117
745,105.37,106.038,2.54455,99.4844
746,104.62,105.995,2.54335,98.7763
747,104.635,105.954,2.54211,98.7905
748,104.42,105.908,2.54099,98.5875
749,104.305,105.86,2.53993,98.4789
750,104.34,105.815,2.53881,98.5119
751,104.42,105.773,2.5376,98.5875
752,105.735,105.772,2.53591,99.829
753,106.37,105.79,2.53432,100.429
754,106.8,105.82,2.53289,100.835
755,106.255,105.833,2.53126,100.32
756,106.35,105.849,2.52966,100.41
757,106.045,105.854,2.528,100.122
758,106.1,105.862,2.52635,100.174
759,106.82,105.891,2.52491,100.853
760,108.51,105.969,2.52493,102.449
761,108.17,106.035,2.52446,102.128
762,108.05,106.096,2.52379,102.015
763,108.02,106.153,2.52305,101.986
764,108.195,106.215,2.52241,102.152
765,108.185,106.274,2.52171,102.142
766,107.1,106.299,2.52023,101.118
767,107.43,106.332,2.5189,101.429
768,107.38,106.364,2.51753,101.382
769,107.53,106.399,2.51623,101.524
770,107.53,106.433,2.5149,101.524
771,107.285,106.458,2.51345,101.292
772,107.43,106.488,2.51205,101.429
773,108.06,106.535,2.51103,102.024
774,106.25,106.526,2.50943,100.315
775,105.945,106.509,2.50789,100.027
776,105.85,106.489,2.50638,99.9376
777,106.21,106.481,2.50479,100.277
778,106.12,106.47,2.50321,100.193
779,106.225,106.462,2.50162,100.292
780,106,106.449,2.50007,100.079
781,105.56,106.422,2.49866,99.6638
782,105.38,106.391,2.49733,99.4938
783,105.21,106.355,2.49607,99.3333
784,105.5,106.33,2.49466,99.6071
785,106.005,106.32,2.49309,100.084
786,106.455,106.324,2.49151,100.509
787,106.17,106.319,2.48994,100.24
788,105.935,106.308,2.4884,100.018
789,105.51,106.284,2.48697,99.6166
790,106.02,106.276,2.48542,100.098
791,106.15,106.272,2.48385,100.221
792,106.44,106.277,2.48229,100.495
793,106.39,106.281,2.48073,100.447
794,107.5,106.317,2.47952,101.495
795,107.165,106.343,2.47814,101.179
796,107.13,106.366,2.47673,101.146
797,107.4,106.397,2.47543,101.401
798,107.48,106.43,2.47416,101.477
799,107.635,106.466,2.47296,101.623
800,107.84,106.507,2.47187,101.816
801,107.5,106.537,2.47056,101.495
802,107.748,106.573,2.46937,101.73
803,107.591,106.604,2.46808,101.581
804,107.69,106.636,2.46682,101.675
805,107.7,106.668,2.46556,101.684
806,107.96,106.707,2.46443,101.93
807,107.77,106.739,2.46317,101.75
808,107.9,106.774,2.46196,101.873
809,108.06,106.812,2.46083,102.024
810,107.795,106.842,2.45954,101.774
811,108.57,106.894,2.45873,102.506
812,109.29,106.966,2.45857,103.185
813,109.34,107.037,2.45839,103.233
814,109.38,107.107,2.45817,103.27
815,109.01,107.164,2.45751,102.921
816,109,107.219,2.4568,102.912
817,109.005,107.273,2.45604,102.916
818,110.8,107.379,2.45745,104.611
819,111.01,107.488,2.45903,104.809
820,110.62,107.582,2.45982,104.441
821,111,107.684,2.46104,104.8
822,111.01,107.784,2.46212,104.809
823,110.85,107.876,2.4628,104.658
824,110.37,107.951,2.46275,104.205
825,110.53,108.028,2.4628,104.356
826,109.57,108.074,2.46186,103.45
827,109.9,108.129,2.46114,103.761
828,109.505,108.17,2.46009,103.388
829,109.38,108.207,2.45895,103.27
830,109.62,108.249,2.45793,103.497
831,109.68,108.292,2.45692,103.554
832,110.33,108.353,2.4564,104.167
833,111.01,108.433,2.45655,104.809
834,111.47,108.524,2.45719,105.244
835,112.03,108.629,2.45854,105.772
836,112.54,108.746,2.46057,106.254
837,112.895,108.871,2.46302,106.589
838,113.435,109.008,2.4663,107.099
839,113.885,109.154,2.47023,107.524
840,113.86,109.295,2.47377,107.5
841,113.92,109.434,2.47713,107.557
842,114.77,109.594,2.48207,108.359
843,114.685,109.747,2.48642,108.279
844,114.974,109.904,2.49106,108.552
845,115.21,110.063,2.49587,108.775
846,114.66,110.201,2.4991,108.255
847,115.68,110.365,2.50428,109.219
848,115.54,110.52,2.50873,109.086
849,115.77,110.678,2.51333,109.303
850,115.82,110.832,2.51766,109.351
851,115.93,110.985,2.52188,109.455
852,115.74,111.128,2.52535,109.275
853,116,111.274,2.52904,109.521
854,115.94,111.414,2.5323,109.464
855,116.45,111.565,2.53632,109.946
856,116.85,111.724,2.54088,110.323
857,116.97,111.881,2.54534,110.436
858,116.49,112.019,2.54843,109.983
859,116.29,112.147,2.55086,109.794
860,114.12,112.206,2.55021,107.746
861,115.455,112.304,2.55099,109.006
862,115.83,112.41,2.55217,109.36
863,115.305,112.497,2.55248,108.864
864,114.98,112.571,2.55232,108.558
865,115.09,112.647,2.5522,108.661
866,114.97,112.716,2.55187,108.548
867,114.5,112.77,2.55108,108.104
868,115.79,112.86,2.55154,109.322
869,116.17,112.96,2.5524,109.681
870,116.06,113.053,2.55297,109.577
871,115.92,113.139,2.55324,109.445
872,115.82,113.219,2.5533,109.351
873,116.25,113.31,2.55377,109.757
874,117.84,113.446,2.55663,111.258
875,118.48,113.597,2.56049,111.862
876,119.18,113.765,2.56556,112.523
877,118.74,113.914,2.56926,112.108
878,118.98,114.066,2.57315,112.334
879,118.94,114.212,2.57662,112.296
880,118.62,114.344,2.57918,111.994
881,119.68,114.504,2.5836,112.995
882,119.34,114.649,2.58696,112.674
883,118.685,114.77,2.58885,112.056
884,119.04,114.899,2.59113,112.391
885,119.045,115.023,2.59319,112.396
886,119.4,115.154,2.59564,112.731
887,119.76,115.292,2.59851,113.071
888,119.35,115.414,2.6004,112.684
889,119.73,115.544,2.60272,113.042
890,119.68,115.668,2.60473,112.995
891,119.81,115.792,2.60675,113.118
892,119.78,115.912,2.6085,113.09
893,120.685,116.055,2.61164,113.944
894,121.02,116.204,2.61514,114.26
895,121.44,116.361,2.61918,114.657
896,121.67,116.52,2.62336,114.874
897,122.46,116.698,2.62894,115.62
898,122.18,116.863,2.63345,115.355
899,122.25,117.024,2.63775,115.422
900,121.34,117.154,2.63997,114.562
901,121.24,117.276,2.6418,114.468
902,120.93,117.386,2.64297,114.175
903,121.62,117.513,2.64504,114.827
904,121.19,117.623,2.64624,114.421
905,121.59,117.742,2.64786,114.798
906,121.75,117.863,2.64955,114.949
907,120.79,117.95,2.64977,114.043
908,121.08,118.044,2.65022,114.317
909,121.41,118.145,2.65097,114.628
910,121.235,118.238,2.65138,114.463
911,121.26,118.329,2.6517,114.487
912,121.381,118.42,2.65206,114.601
913,121.473,118.512,2.65242,114.688
914,121.56,118.603,2.65277,114.77
915,121.285,118.684,2.65271,114.51
916,121.74,118.775,2.65307,114.94
917,122.19,118.878,2.65388,115.365
918,122.66,118.991,2.6552,115.809
919,122.18,119.087,2.65571,115.355
920,122.28,119.183,2.65623,115.45
921,122.515,119.283,2.65692,115.672
922,122.36,119.375,2.6573,115.525
923,121.295,119.433,2.65657,114.52
924,122.68,119.53,2.65715,115.828
925,122.7,119.625,2.65764,115.846
926,122.975,119.726,2.65835,116.106
927,123.27,119.832,2.65931,116.385
928,123.28,119.935,2.66014,116.394
929,121.7,119.988,2.65931,114.902
930,122.3,120.058,2.65889,115.469
931,121.93,120.114,2.65813,115.119
932,122.27,120.179,2.65759,115.44
933,121.77,120.226,2.65665,114.968
934,121.73,120.271,2.65565,114.931
935,121.81,120.318,2.65468,115.006
936,122.3,120.377,2.65401,115.469
937,108.26,120.014,2.68021,102.213
938,108.828,119.678,2.70208,102.749
939,109.635,119.377,2.71927,103.511
940,109.03,119.066,2.73745,102.94
941,108.715,118.756,2.75548,102.643
942,107.815,118.428,2.77562,101.793
943,108.1,118.118,2.79325,102.062
944,108.3,117.823,2.8089,102.251
945,108.02,117.529,2.82439,101.986
946,108.085,117.246,2.83855,102.048
947,107.825,116.963,2.85254,101.802
948,108.19,116.7,2.86438,102.147
949,108.445,116.452,2.87464,102.388
950,108.039,116.2,2.88529,102.004
951,108.34,115.964,2.89434,102.289
952,107.894,115.722,2.90391,101.867
953,107.01,115.461,2.91526,101.033
954,107.44,115.22,2.92459,101.439
955,107.41,114.986,2.93331,101.41
956,107.095,114.749,2.9422,101.113
957,107.14,114.521,2.95031,101.156
958,107.21,114.301,2.95765,101.222
959,107.79,114.106,2.96313,101.769
960,108.329,113.933,2.9671,102.278
961,108.511,113.77,2.9704,102.45
962,108.8,113.621,2.97292,102.723
963,109.32,113.492,2.97442,103.214
964,109.03,113.358,2.97614,102.94
965,108.96,113.226,2.97776,102.874
966,109.43,113.112,2.97858,103.318
967,108.53,112.975,2.98046,102.468
968,108.26,112.833,2.98255,102.213
969,108.33,112.698,2.98431,102.279
970,108.138,112.561,2.98614,102.098
971,108.29,112.433,2.98756,102.241
972,107.42,112.283,2.9901,101.42
973,107.31,112.134,2.99255,101.316
974,106.7,111.971,2.99578,100.74
975,107.43,111.834,2.99756,101.429
976,107.415,111.702,2.99916,101.415
977,106.85,111.556,3.00141,100.882
978,106.6,111.408,3.00381,100.646
979,105.67,111.236,3.00753,99.7676
980,104.4,111.03,3.01344,98.5686
981,104.625,110.838,3.01843,98.781
982,104.475,110.647,3.02331,98.6394
983,105.1,110.481,3.02664,99.2295
984,105.005,110.317,3.02983,99.1398
985,104.37,110.138,3.03386,98.5403
986,102.46,109.908,3.04158,96.7369
987,103.15,109.705,3.04718,97.3884
988,103.49,109.519,3.05167,97.7094
989,103.025,109.324,3.05669,97.2704
990,102.95,109.133,3.06145,97.1996
991,102.6,108.937,3.06652,96.8691
992,102.6,108.747,3.07117,96.8691
993,102.46,108.558,3.07572,96.7369
994,102.77,108.384,3.07932,97.0296
995,102.62,108.211,3.08287,96.888
996,102.23,108.032,3.08679,96.5198
997,102.15,107.856,3.09053,96.4443
998,102.19,107.686,3.09387,96.482
999,102.01,107.515,3.09722,96.3121
1000,102.08,107.352,3.10016,96.3782
1001,101.94,107.19,3.10304,96.246
1002,102.51,107.05,3.10481,96.7842
1003,102.08,106.9,3.10699,96.3782
1004,102.64,106.773,3.10818,96.9069
1005,103.28,106.668,3.10847,97.5111
1006,103.5,106.573,3.10843,97.7189
1007,103.17,106.471,3.10863,97.4073
1008,103.02,106.367,3.10887,97.2657
1009,102.845,106.262,3.10919,97.1004
1010,102.7,106.155,3.10955,96.9635
1011,102.795,106.054,3.1097,97.0532
1012,102.755,105.955,3.10979,97.0155
1013,102.63,105.855,3.10991,96.8974
1014,102.69,105.76,3.10987,96.9541
1015,102.835,105.672,3.10962,97.091
1016,102.776,105.586,3.10933,97.0353
1017,103.39,105.52,3.10852,97.615
1018,103.29,105.453,3.10774,97.5206
1019,103.575,105.396,3.10674,97.7897
1020,103.545,105.341,3.10572,97.7613
1021,104.22,105.307,3.10439,98.3986
1022,103.96,105.267,3.10314,98.1532
1023,103.94,105.227,3.10189,98.1343
1024,104.79,105.214,3.1004,98.9368
1025,105.445,105.221,3.0989,99.5552
1026,105.56,105.231,3.09741,99.6638
1027,105.63,105.243,3.09592,99.7299
1028,106,105.266,3.0945,100.079
1029,105.28,105.266,3.093,99.3994
1030,105.01,105.258,3.09151,99.1445
1031,104.88,105.247,3.09003,99.0218
1032,105.23,105.247,3.08854,99.3522
1033,105.14,105.243,3.08704,99.2672
1034,105,105.236,3.08556,99.1351
1035,103.92,105.197,3.08433,98.1154
1036,102.99,105.13,3.08356,97.2373
1037,102.94,105.065,3.08278,97.1901
1038,102.19,104.978,3.08251,96.482
1039,102.16,104.894,3.08219,96.4537
1040,101.68,104.798,3.08222,96.0005
1041,101.5,104.699,3.08234,95.8306
1042,101.05,104.589,3.08281,95.4057
1043,100.4,104.463,3.0839,94.792
1044,100.47,104.344,3.08475,94.8581
1045,100.35,104.224,3.0856,94.7448
1046,100.33,104.107,3.08633,94.7259
1047,100.56,104.001,3.08669,94.9431
1048,100.575,103.898,3.08692,94.9572
1049,101,103.811,3.08667,95.3585
1050,100.43,103.709,3.08686,94.8203
1051,100.32,103.608,3.08706,94.7165
1052,100.48,103.514,3.08701,94.8675
1053,100.17,103.414,3.08716,94.5749
1054,100.79,103.335,3.08669,95.1602
1055,101,103.265,3.08602,95.3585
1056,101.02,103.198,3.08529,95.3774
1057,100.15,103.106,3.08517,94.556
1058,100.65,103.032,3.08458,95.028
1059,100.965,102.97,3.08374,95.3254
1060,101.406,102.923,3.08264,95.7418
1061,102.14,102.9,3.08127,96.4348
1062,101.602,102.861,3.08007,95.9269
1063,101.75,102.828,3.07879,96.0666
1064,100.94,102.771,3.07786,95.3018
1065,100.89,102.715,3.07692,95.2546
1066,100.735,102.655,3.07604,95.1083
1067,100.1,102.579,3.07554,94.5088
1068,100.465,102.515,3.07474,94.8534
1069,100.655,102.459,3.0738,95.0328
1070,101.63,102.434,3.07246,95.9533
1071,101.4,102.403,3.07118,95.7362
1072,101.88,102.388,3.06979,96.1893
1073,101.565,102.363,3.06845,95.8919
1074,101.78,102.346,3.06708,96.0949
1075,101.595,102.323,3.06573,95.9203
1076,101.985,102.313,3.06432,96.2885
1077,101.78,102.297,3.06294,96.0949
1078,101.41,102.27,3.06163,95.746
1079,101.545,102.249,3.06029,95.8731
1080,101.335,102.221,3.05899,95.6748
1081,101.08,102.187,3.05777,95.434
1082,101.01,102.152,3.05655,95.3679
1083,101.02,102.118,3.05532,95.3774
1084,101.53,102.1,3.05396,95.8589
1085,101.135,102.071,3.05269,95.486
1086,100.84,102.034,3.0515,95.2074
1087,100.63,101.992,3.05038,95.0092
1088,100.505,101.947,3.04929,94.8911
1089,100.185,101.895,3.04833,94.589
1090,100.475,101.852,3.04722,94.8628
1091,101.57,101.844,3.04583,95.8967
1092,102.49,101.863,3.0445,96.7653
1093,102.68,101.887,3.0432,96.9447
1094,102.99,101.92,3.04198,97.2373
1095,102.825,101.948,3.04071,97.0816
1096,102.615,101.968,3.03939,96.8833
1097,102.71,101.99,3.03808,96.973
1098,102.88,102.017,3.03681,97.1335
1099,102.21,102.022,3.03543,96.5009
1100,102.255,102.029,3.03406,96.5434
1101,102.565,102.045,3.03273,96.8361
1102,102.975,102.073,3.03147,97.2232
1103,103.225,102.108,3.03029,97.4592
1104,103.505,102.15,3.02919,97.7236
1105,103.34,102.186,3.02802,97.5678
1106,103.885,102.237,3.02705,98.0824
1107,103.825,102.284,3.02604,98.0257
1108,103.3,102.315,3.02482,97.53
1109,103.695,102.356,3.02373,97.903
1110,103.84,102.401,3.02267,98.0399
1111,104.22,102.455,3.02178,98.3986
1112,104.09,102.504,3.02079,98.2759
1113,103.695,102.54,3.01964,97.903
1114,103.7,102.575,3.01847,97.9077
1115,103.42,102.6,3.01722,97.6433
1116,102.195,102.588,3.01589,96.4867
1117,101.97,102.569,3.01459,96.2743
1118,101.64,102.542,3.01337,95.9627
1119,101.78,102.519,3.0121,96.0949
1120,101.97,102.502,3.0108,96.2743
1121,100.825,102.452,3.00985,95.1933
1122,101.08,102.411,3.00877,95.434
1123,101.23,102.375,3.00763,95.5757
1124,101.11,102.337,3.00651,95.4624
1125,101.63,102.316,3.00525,95.9533
1126,100.07,102.249,3.00461,94.4804
1127,100.214,102.188,3.00386,94.616
1128,100.145,102.126,3.00311,94.5512
1129,100.595,102.08,3.0021,94.9761
1130,100.95,102.047,3.00095,95.3113
1131,101.25,102.023,2.99971,95.5945
1132,101.02,101.993,2.99853,95.3774
1133,100.5,101.948,2.99752,94.8864
1134,99.38,101.871,2.99711,93.829
1135,99.46,101.798,2.99659,93.9045
1136,99.85,101.74,2.9958,94.2727
1137,99.57,101.675,2.99513,94.0084
1138,99.69,101.615,2.99436,94.1217
1139,99.815,101.561,2.99349,94.2397
1140,99.5,101.499,2.99277,93.9423
1141,101.61,101.503,2.99146,95.9344
1142,102.1,101.521,2.9902,96.3971
1143,102.3,101.544,2.98897,96.5859
1144,101.89,101.554,2.98768,96.1988
1145,102.075,101.57,2.98642,96.3734
1146,102.278,101.591,2.98518,96.5649
1147,102.39,101.615,2.98397,96.6709
1148,103.47,101.671,2.98314,97.6905
1149,103.37,101.722,2.98224,97.5961
1150,103.64,101.779,2.98145,97.851
1151,103.93,101.844,2.98079,98.1248
1152,104.09,101.911,2.98019,98.2759
1153,103.83,101.969,2.9794,98.0304
1154,104.43,102.043,2.97894,98.5969
1155,104.5,102.116,2.97848,98.663
1156,103.37,102.154,2.9774,97.5964
1157,103.622,102.198,2.97641,97.8345
1158,103.605,102.24,2.9754,97.818
1159,103.865,102.289,2.97447,98.0635
1160,103.655,102.33,2.97345,97.8652
1161,103.52,102.366,2.97236,97.7377
1162,103.86,102.411,2.97139,98.0587
1163,103.735,102.45,2.97035,97.9407
1164,104.105,102.5,2.96945,98.2901
1165,104.04,102.546,2.96849,98.2287
1166,104.635,102.609,2.96782,98.7905
1167,104.665,102.67,2.96712,98.8188
1168,104.74,102.733,2.96643,98.8896
1169,106.59,102.848,2.96718,100.636
1170,106.43,102.956,2.96765,100.485
1171,106.225,103.054,2.96783,100.292
1172,106.78,103.166,2.96844,100.816
1173,106.665,103.271,2.96883,100.707
1174,106.825,103.377,2.96927,100.858
1175,104.99,103.426,2.96836,99.1256
1176,105.02,103.473,2.96744,99.1539
1177,105.12,103.523,2.96654,99.2484
1178,105.14,103.571,2.96564,99.2672
1179,105.45,103.628,2.96485,99.5599
1180,104.84,103.664,2.9638,98.984
1181,104.825,103.699,2.96272,98.9698
1182,104.82,103.733,2.96164,98.9651
1183,105.48,103.785,2.9608,99.5883
1184,105.135,103.825,2.95979,99.2625
1185,105.03,103.862,2.95874,99.1634
1186,105.205,103.902,2.95774,99.3286
1187,105.78,103.958,2.95696,99.8715
1188,106.18,104.025,2.95638,100.249
1189,107.02,104.115,2.95634,101.042
1190,106.67,104.191,2.95597,100.712
1191,106.29,104.254,2.95532,100.353
1192,106.96,104.336,2.95505,100.986
1193,106.51,104.401,2.95445,100.561
1194,106.228,104.456,2.95366,100.294
1195,105.99,104.502,2.95273,100.07
1196,104.63,104.505,2.9515,98.7857
1197,102.26,104.438,2.95094,96.5481
1198,102.28,104.373,2.95033,96.567
1199,102.92,104.33,2.94938,97.1712
1200,103.242,104.297,2.94831,97.4756
1201,103.68,104.279,2.94714,97.8888
1202,103.89,104.267,2.94593,98.0871
1203,102.51,104.214,2.94512,96.7842
1204,102.52,104.163,2.94427,96.7936
1205,102.8,104.123,2.9433,97.058
1206,103.36,104.1,2.94216,97.5867
1207,103.175,104.072,2.94105,97.412
1208,103.21,104.046,2.93993,97.4451
1209,103.475,104.029,2.93876,97.6952
1210,103.35,104.009,2.93761,97.5772
1211,104.14,104.012,2.9364,98.3231
1212,104.305,104.021,2.9352,98.4789
1213,104.986,104.05,2.93411,99.1219
1214,105.25,104.086,2.9331,99.3711
1215,105,104.114,2.932,99.1351
1216,104.75,104.133,2.93085,98.899
1217,105.8,104.183,2.93001,99.8904
1218,104.78,104.201,2.92886,98.9274
1219,104.36,104.205,2.92766,98.5308
1220,104.35,104.21,2.92646,98.5214
1221,104.495,104.218,2.92528,98.6583
1222,104.85,104.237,2.92413,98.9934
1223,104.69,104.251,2.92296,98.8424
1224,105.26,104.281,2.92191,99.3805
1225,106.54,104.349,2.92138,100.589
1226,106.03,104.399,2.92056,100.108
1227,105.78,104.441,2.91962,99.8715
1228,105.875,104.484,2.91871,99.9612
1229,105.51,104.515,2.91766,99.6166
1230,105.72,104.551,2.91666,99.8149
1231,105.055,104.566,2.91551,99.187
1232,105.67,104.599,2.91449,99.7676
1233,105.11,104.614,2.91334,99.2389
1234,104.86,104.622,2.91217,99.0029
1235,104.155,104.608,2.91102,98.3373
1236,104.46,104.603,2.90985,98.6251
1237,104.73,104.607,2.90867,98.8802
1238,104.65,104.608,2.9075,98.8046
1239,104.3,104.599,2.90634,98.4742
1240,104.355,104.592,2.90518,98.5261
1241,104.105,104.577,2.90404,98.2901
1242,104.03,104.561,2.90291,98.2192
1243,104.52,104.56,2.90174,98.6819
1244,104.89,104.569,2.90059,99.0312
1245,104.1,104.555,2.89945,98.2853
1246,104.395,104.551,2.89829,98.5639
1247,105.06,104.566,2.89717,99.1917
1248,105,104.579,2.89603,99.1351
1249,104.93,104.589,2.89489,99.069
1250,104.7,104.593,2.89373,98.8518
1251,104.465,104.589,2.89258,98.6299
1252,104.98,104.601,2.89144,99.1162
1253,105.015,104.613,2.89031,99.1492
1254,104.745,104.617,2.88916,98.8947
1255,103.95,104.597,2.88807,98.1437
1256,104.12,104.583,2.88695,98.3042
1257,103.715,104.557,2.8859,97.9218
1258,103.92,104.538,2.88481,98.1154
1259,103.87,104.518,2.88372,98.0682
1260,102.53,104.458,2.88309,96.803
1261,102.22,104.391,2.88259,96.5104
1262,102.47,104.333,2.88193,96.7464
1263,102.6,104.281,2.88118,96.8691
1264,102.575,104.23,2.88041,96.8455
1265,102.165,104.168,2.87983,96.4584
1266,101.65,104.092,2.87951,95.9722
1267,100.24,103.977,2.88028,94.6409
1268,99.6244,103.846,2.88159,94.0597
1269,99.84,103.726,2.88252,94.2633
1270,99.54,103.601,2.88363,93.98
1271,99.93,103.49,2.88423,94.3483
1272,99.85,103.381,2.88479,94.2727
1273,99,103.25,2.88612,93.4702
1274,98.94,103.12,2.88736,93.4136
1275,98.71,102.988,2.88871,93.1964
1276,98.98,102.868,2.88963,93.4513
1277,98.66,102.742,2.89075,93.1492
1278,98.49,102.614,2.89192,92.9887
1279,98.14,102.48,2.89334,92.6582
1280,100,102.406,2.89299,94.4144
1281,98.22,102.28,2.89408,92.7338
1282,97.89,102.148,2.8954,92.4222
1283,97.985,102.023,2.89646,92.5119
1284,97.85,101.898,2.89754,92.3844
1285,97.3511,101.762,2.89902,91.9134
1286,97.415,101.631,2.90028,91.9737
1287,97.99,101.522,2.90082,92.5166
1288,98,101.416,2.90126,92.5261
1289,98.16,101.319,2.90146,92.6771
1290,97.985,101.219,2.90174,92.5119
1291,98.18,101.128,2.90177,92.696
1292,98.18,101.039,2.90174,92.696
1293,97.855,100.944,2.90189,92.3892
1294,98.49,100.87,2.90152,92.9887
1295,98.56,100.801,2.90107,93.0548
1296,98.75,100.739,2.90048,93.2342
1297,98.95,100.686,2.89976,93.423
1298,98.43,100.618,2.89928,92.932
1299,98.83,100.564,2.89856,93.3097
1300,98.76,100.51,2.89785,93.2436
1301,99.9,100.492,2.89679,94.3199
1302,100.497,100.492,2.89568,94.8838
1303,101.36,100.518,2.89466,95.6983
1304,101.47,100.547,2.89366,95.8022
1305,101.635,100.579,2.8927,95.958
1306,101.525,100.608,2.89171,95.8542
1307,101.45,100.633,2.89069,95.7834
1308,100.79,100.638,2.88959,95.1602
1309,101.08,100.651,2.88851,95.434
1310,101.09,100.664,2.88743,95.4435
1311,100.32,100.654,2.88635,94.7165
1312,99.975,100.633,2.8853,94.3907
1313,100.195,100.62,2.88423,94.5985
1314,100.335,100.612,2.88314,94.7306
1315,100.61,100.612,2.88205,94.9903
1316,100.785,100.617,2.88096,95.1555
1317,101.24,100.635,2.87991,95.5851
1318,101.75,100.669,2.87897,96.0666
1319,101.955,100.707,2.87809,96.2602
1320,101.525,100.732,2.87708,95.8542
1321,101.54,100.756,2.87607,95.8683
1322,102.2,100.8,2.87524,96.4915
1323,101.04,100.807,2.87416,95.3963
1324,100.84,100.808,2.87308,95.2074
1325,100.73,100.805,2.872,95.1036
1326,100.21,100.788,2.87096,94.6126
1327,100.475,100.778,2.86989,94.8628
1328,100.225,100.762,2.86885,94.6268
1329,100.3,100.748,2.86779,94.6976
1330,100.01,100.726,2.86678,94.4238
1331,99.895,100.701,2.86579,94.3152
1332,99.515,100.665,2.86489,93.9564
1333,99.395,100.627,2.86402,93.8431
1334,99.44,100.591,2.86312,93.8856
1335,99.96,100.572,2.86209,94.3766
1336,98.98,100.525,2.86134,93.4513
1337,99.35,100.489,2.86044,93.8007
1338,99.25,100.452,2.85956,93.7062
1339,99.475,100.423,2.85861,93.9187
1340,99.525,100.396,2.85764,93.9659
1341,99.3145,100.364,2.85672,93.7671
1342,99.09,100.325,2.85585,93.5552
1343,98.5,100.271,2.8552,92.9981
1344,98.87,100.229,2.85438,93.3475
1345,99.425,100.204,2.8534,93.8715
1346,99.77,100.191,2.85236,94.1972
1347,99.61,100.174,2.85134,94.0461
1348,99.7833,100.162,2.8503,94.2098
1349,99.73,100.149,2.84927,94.1594
1350,99.5103,100.13,2.84827,93.952
1351,99.84,100.121,2.84722,94.2633
1352,99.8084,100.112,2.84618,94.2335
1353,99.36,100.089,2.8452,93.8101
1354,99.08,100.059,2.84428,93.5457
1355,99.62,100.046,2.84325,94.0556
1356,100.12,100.048,2.8422,94.5277
1357,100.44,100.06,2.84117,94.8298
1358,101.175,100.093,2.84028,95.5237
1359,101.09,100.123,2.83936,95.4435
1360,101.65,100.169,2.8386,95.9722
1361,101.72,100.216,2.83785,96.0383
1362,101.32,100.249,2.83696,95.6606
1363,101.03,100.272,2.83599,95.3868
1364,92.37,100.035,2.84253,87.2105
1365,92.14,99.7983,2.84904,86.9934
1366,93.01,99.5947,2.85356,87.8148
1367,93.495,99.4117,2.857,88.2727
1368,94.3651,99.2603,2.85902,89.0942
1369,95.01,99.1328,2.86014,89.7031
1370,94.315,98.9882,2.86188,89.0469
1371,94.07,98.8407,2.86374,88.8156
1372,92.97,98.6646,2.86682,87.777
1373,93.68,98.515,2.86874,88.4474
1374,93.175,98.3548,2.8711,87.9706
1375,93.45,98.2077,2.87292,88.2302
1376,93.31,98.0608,2.87473,88.098
1377,93.63,97.9278,2.87601,88.4002
1378,93.74,97.8022,2.87705,88.504
1379,93.125,97.6619,2.8786,87.9234
1380,93.33,97.5319,2.87978,88.1169
1381,93.0927,97.3987,2.88107,87.8929
1382,93.095,97.2696,2.88221,87.895
1383,92.82,97.1361,2.88351,87.6354
1384,92.585,96.9996,2.8849,87.4135
1385,93.27,96.8877,2.8855,88.0603
1386,92.55,96.7576,2.88667,87.3805
1387,93.11,96.6482,2.88719,87.9092
1388,93.5057,96.5539,2.88731,88.2828
1389,93.56,96.4641,2.88732,88.3341
1390,93.55,96.3767,2.88728,88.3246
1391,93.83,96.3003,2.887,88.589
1392,94.37,96.2423,2.8864,89.0988
1393,94.31,96.1844,2.8858,89.0422
1394,93.78,96.1122,2.88545,88.5418
1395,93.605,96.037,2.88515,88.3766
1396,93.85,95.9714,2.88467,88.6079
1397,93.91,95.9096,2.88414,88.6645
1398,94.06,95.8541,2.8835,88.8061
1399,93.81,95.7928,2.88296,88.5701
1400,91.8249,95.6737,2.88377,86.6959
1401,92.09,95.5662,2.88423,86.9462
1402,92.16,95.464,2.88455,87.0123
1403,92.205,95.3663,2.88476,87.0548
1404,92.325,95.275,2.88481,87.168
1405,92.495,95.1916,2.88468,87.3286
1406,91.76,95.0887,2.88502,86.6346
1407,91.58,94.9834,2.88542,86.4647
1408,91.07,94.866,2.88617,85.9832
1409,91.095,94.7529,2.88679,86.0068
1410,90.895,94.6371,2.88748,85.8179
1411,90.855,94.5237,2.88811,85.7802
1412,91.1202,94.4216,2.88842,86.0305
1413,91.01,94.3192,2.88874,85.9265
1414,90.625,94.2084,2.88929,85.563
1415,90.88,94.1085,2.88955,85.8038
1416,90.9,94.0123,2.88971,85.8226
1417,90.84,93.9171,2.88985,85.766
1418,90.965,93.8286,2.88983,85.884
1419,90.555,93.7304,2.89004,85.4969
1420,90.95,93.6469,2.88991,85.8699
1421,90.35,93.548,2.89014,85.3034
1422,90.23,93.4485,2.89038,85.1901
1423,90.47,93.3591,2.89038,85.4167
1424,90.285,93.2669,2.89044,85.242
1425,89.38,93.1503,2.89115,84.3875
1426,89.03,93.0267,2.89208,84.0571
1427,89.15,92.9104,2.89278,84.1704
1428,89.5401,92.8093,2.89306,84.5387
1429,89.54,92.7112,2.89326,84.5386
1430,89.61,92.6182,2.89334,84.6047
1431,89.25,92.5171,2.89362,84.2648
1432,89.03,92.4125,2.89399,84.0571
1433,88.94,92.3083,2.89435,83.9721
1434,89.11,92.2124,2.8945,84.1326
1435,89.97,92.1451,2.89406,84.9446
1436,89.995,92.0806,2.89358,84.9682
1437,90.2,92.0242,2.89297,85.1617
1438,89.95,91.962,2.89245,84.9257
1439,89.83,91.898,2.89196,84.8124
1440,89.9,91.8381,2.89141,84.8785
1441,90,91.7829,2.89079,84.9729
1442,90.75,91.7519,2.8899,85.681
1443,90.34,91.7096,2.88913,85.2939
1444,90.79,91.682,2.88822,85.7188
1445,90.735,91.6536,2.88733,85.6669
1446,90.875,91.6302,2.8864,85.799
1447,91.11,91.6146,2.88543,86.0209
1448,89.9,91.5632,2.88476,84.8785
1449,89.6,91.5043,2.8842,84.5953
1450,89.52,91.4448,2.88365,84.5197
1451,89.365,91.3824,2.88314,84.3734
1452,89.095,91.3137,2.88274,84.1185
1453,88.795,91.2382,2.88246,83.8352
1454,89.11,91.1743,2.88198,84.1326
1455,91.23,91.176,2.88099,86.1342
1456,91.03,91.1716,2.88,85.9454
1457,91.24,91.1737,2.87902,86.1437
1458,91.6,91.1865,2.87805,86.4835
1459,92.045,91.2122,2.87715,86.9037
1460,92.3,91.2449,2.87629,87.1444
1461,92.14,91.2717,2.8754,86.9934
1462,92.01,91.2939,2.87448,86.8706
1463,92.135,91.3191,2.87357,86.9887
1464,92.29,91.3482,2.8727,87.135
1465,92.42,91.3804,2.87185,87.2577
1466,91.805,91.3931,2.87089,86.6771
1467,91.945,91.4097,2.86994,86.8093
1468,91.66,91.4172,2.86897,86.5402
1469,93.59,91.4824,2.86852,88.3624
1470,93.25,91.5354,2.8679,88.0414
1471,93.6999,91.6003,2.86745,88.4662
1472,93.51,91.6576,2.86688,88.2869
1473,93.295,91.7067,2.8662,88.0839
1474,92.805,91.7397,2.86537,87.6212
1475,92.745,91.7698,2.86451,87.5646
1476,93.04,91.808,2.86372,87.8431
1477,92.775,91.837,2.86285,87.5929
1478,92.96,91.8707,2.86203,87.7676
1479,93.51,91.9198,2.86136,88.2869
1480,93.49,91.9669,2.86066,88.268
1481,93.35,92.0084,2.85991,88.1358
1482,93.765,92.0611,2.85929,88.5276
1483,94.61,92.1376,2.85905,89.3254
1484,94.03,92.1944,2.85848,88.7778
1485,94.06,92.2503,2.8579,88.8061
1486,94.27,92.3109,2.8574,89.0044
1487,94.61,92.3799,2.85702,89.3254
1488,94.82,92.4531,2.85672,89.5237
1489,94.5,92.5145,2.85622,89.2216
1490,95.16,92.5939,2.85604,89.8447
1491,95.5444,92.6824,2.85604,90.2076
1492,95.305,92.7611,2.85584,89.9816
1493,95.23,92.8351,2.85556,89.9108
1494,94.785,92.8936,2.85503,89.4906
1495,94.995,92.9567,2.85456,89.6889
1496,95.56,93.0348,2.85435,90.2224
1497,95.42,93.1063,2.85402,90.0902
1498,96.1585,93.1979,2.8541,90.7874
1499,95.84,93.2772,2.85391,90.4867
1500,95.01,93.3291,2.85329,89.7031
1501,95.3228,93.389,2.85278,89.9984
1502,95.13,93.4412,2.85216,89.8164
1503,95.18,93.4933,2.85154,89.8636
1504,94.63,93.5274,2.85074,89.3443
1505,94.575,93.5589,2.84991,89.2924
1506,94.11,93.5754,2.849,88.8533
1507,94.005,93.5883,2.84807,88.7542
1508,94.76,93.6234,2.84728,89.467
1509,94.815,93.6592,2.84649,89.519
1510,94.635,93.6885,2.84566,89.349
1511,94.37,93.7089,2.84477,89.0988
1512,94.37,93.7287,2.84387,89.0988
1513,94.36,93.7477,2.84298,89.0894
1514,94.445,93.7686,2.84209,89.1696
1515,94.6417,93.7948,2.84124,89.3553
1516,94.445,93.8143,2.84035,89.1696
1517,94.305,93.829,2.83944,89.0375
1518,94.1,93.8372,2.83851,88.8439
1519,94.67,93.8621,2.83765,89.3821
1520,94.81,93.8906,2.83682,89.5142
1521,95.16,93.9287,2.83606,89.8447
1522,95.075,93.963,2.83527,89.7644
1523,94.69,93.9849,2.8344,89.401
1524,94.73,94.0072,2.83353,89.4387
1525,94,94.007,2.8326,88.7495
1526,92.87,93.9729,2.83182,87.6826
1527,93.28,93.9521,2.83094,88.0697
1528,93.64,93.9427,2.83003,88.4096
1529,93.73,93.9364,2.82911,88.4946
1530,93.86,93.9341,2.82818,88.6173
1531,94.22,93.9426,2.82727,88.9572
1532,94.59,93.9621,2.82639,89.3065
1533,95.19,93.9989,2.82563,89.873
1534,94.57,94.016,2.82475,89.2877
1535,94.57,94.0327,2.82386,89.2877
1536,94.37,94.0428,2.82296,89.0988
1537,94.06,94.0433,2.82204,88.8061
1538,94.155,94.0466,2.82112,88.8958
1539,94.44,94.0584,2.82022,89.1649
1540,94.3,94.0657,2.81931,89.0327
1541,94.09,94.0664,2.8184,88.8345
1542,94.33,94.0743,2.81749,89.0611
1543,94.1,94.0751,2.81658,88.8439
1544,93.98,94.0722,2.81567,88.7306
1545,93.81,94.0644,2.81477,88.5701
1546,92.91,94.0297,2.814,87.7204
1547,93.0399,94,2.8132,87.843
1548,92.98,93.9694,2.8124,87.7865
1549,93.2,93.9464,2.81156,87.9942
1550,92.9495,93.9165,2.81076,87.7577
1551,92.675,93.8792,2.81002,87.4985
1552,92.52,93.8384,2.80931,87.3522
1553,91.81,93.7776,2.80885,86.6818
1554,90.61,93.6826,2.80903,85.5488
1555,90.395,93.5839,2.80929,85.3459
1556,90.55,93.4929,2.80938,85.4922
1557,90.32,93.3977,2.80956,85.275
1558,90.69,93.3165,2.80945,85.6244
1559,91.31,93.2563,2.80898,86.2097
1560,91.33,93.1985,2.80848,86.2286
1561,92.015,93.163,2.80773,86.8754
1562,91.61,93.1164,2.80709,86.493
1563,91.625,93.0717,2.80643,86.5072
1564,91.96,93.0383,2.80566,86.8234
1565,92.235,93.0142,2.80484,87.0831
1566,92.35,92.9943,2.80399,87.1917
1567,93.09,92.9972,2.8031,87.8903
1568,92.54,92.9835,2.80223,87.371
1569,91.98,92.9533,2.80144,86.8423
1570,92.25,92.9322,2.8006,87.0972
1571,92.24,92.9115,2.79976,87.0878
1572,92.33,92.894,2.79891,87.1728
1573,92.335,92.8773,2.79805,87.1775
1574,92.81,92.8752,2.79716,87.626
1575,92.91,92.8763,2.79628,87.7204
1576,92.62,92.8686,2.7954,87.4466
1577,92.57,92.8596,2.79452,87.3994
1578,93.14,92.8681,2.79364,87.9375
1579,93.21,92.8783,2.79277,88.0036
1580,92.94,92.8802,2.79189,87.7487
1581,94.08,92.9162,2.79116,88.825
1582,93.92,92.9463,2.79039,88.674
1583,93.71,92.9692,2.78957,88.4757
1584,93.58,92.9875,2.78873,88.353
1585,93.38,92.9993,2.78786,88.1641
1586,93.6,93.0173,2.78702,88.3718
1587,93.69,93.0375,2.78619,88.4568
1588,93.12,93.04,2.78532,87.9186
1589,92.96,93.0376,2.78444,87.7676
1590,93.3906,93.0482,2.78358,88.1741
1591,93.33,93.0566,2.78271,88.1169
1592,93.15,93.0594,2.78184,87.947
1593,93.34,93.0678,2.78098,88.1264
1594,93.26,93.0736,2.78011,88.0508
1595,93.64,93.0906,2.77927,88.4096
1596,93.54,93.1041,2.77842,88.3152
1597,93.41,93.1132,2.77756,88.1924
1598,93.3,93.1188,2.7767,88.0886
1599,93.94,93.1435,2.7759,88.6928
1600,93.61,93.1575,2.77506,88.3813
1601,93.28,93.1612,2.77419,88.0697
1602,93.07,93.1584,2.77333,87.8714
1603,92.06,93.1255,2.77259,86.9179
1604,91.85,93.0872,2.7719,86.7196
1605,91.42,93.0372,2.77133,86.3136
1606,91.46,92.9899,2.77073,86.3514
1607,91.27,92.9383,2.77018,86.172
1608,90.95,92.8786,2.76974,85.8699
1609,91.27,92.8304,2.76915,86.172
1610,92.075,92.8077,2.76835,86.932
1611,91.73,92.7754,2.76762,86.6063
1612,91.85,92.7476,2.76685,86.7196
1613,91.955,92.7238,2.76606,86.8187
1614,92.22,92.7087,2.76523,87.0689
1615,92.36,92.6983,2.76438,87.2011
1616,92.99,92.707,2.76354,87.7959
1617,93.55,92.7323,2.76276,88.3246
1618,93.345,92.7507,2.76195,88.1311
1619,93.135,92.7622,2.76111,87.9328
1620,93.05,92.7708,2.76027,87.8526
1621,92.94,92.7759,2.75942,87.7487
1622,92.955,92.7813,2.75857,87.7629
1623,92.29,92.7666,2.75775,87.135
1624,92.3,92.7526,2.75692,87.1444
1625,92.25,92.7375,2.7561,87.0972
1626,91.32,92.695,2.75546,86.2192
1627,91.41,92.6564,2.75479,86.3042
1628,90.955,92.6054,2.75425,85.8746
1629,91.07,92.5593,2.75365,85.9832
1630,91.69,92.5332,2.75288,86.5685
1631,92.61,92.5355,2.75204,87.4371
1632,92.412,92.5318,2.7512,87.2502
1633,92.635,92.5349,2.75036,87.4607
1634,92.34,92.5291,2.74952,87.1822
1635,92.1612,92.518,2.7487,87.0134
1636,91.9,92.4995,2.7479,86.7668
1637,92.01,92.4848,2.74708,86.8706
1638,91.9034,92.4674,2.74628,86.77
1639,92.09,92.456,2.74546,86.9462
1640,91.87,92.4385,2.74466,86.7385
1641,91.8009,92.4193,2.74386,86.6732
1642,91.925,92.4045,2.74305,86.7904
1643,92.03,92.3933,2.74223,86.8895
1644,92.25,92.389,2.7414,87.0972
1645,92.3064,92.3865,2.74057,87.1505
1646,91.63,92.3638,2.7398,86.5119
1647,91.2915,92.3316,2.73909,86.1923
1648,91.04,92.2929,2.73843,85.9548
1649,91.11,92.2574,2.73774,86.0209
1650,91.575,92.2369,2.73696,86.4599
1651,91.57,92.2169,2.73618,86.4552
1652,91.84,92.2056,2.73537,86.7101
1653,92.36,92.2102,2.73454,87.2011
1654,92.1,92.2069,2.73372,86.9556
1655,92.14,92.2049,2.73289,86.9934
1656,92.22,92.2054,2.73207,87.0689
1657,92.435,92.2123,2.73125,87.2719
1658,91.95,92.2044,2.73043,86.814
1659,92.565,92.2152,2.72963,87.3946
1660,92.45,92.2223,2.72881,87.2861
1661,92.68,92.236,2.72801,87.5032
1662,92.69,92.2496,2.72721,87.5127
1663,92.44,92.2553,2.7264,87.2766
1664,92.355,92.2583,2.72558,87.1964
1665,92.45,92.2641,2.72476,87.2861
1666,91.81,92.2504,2.72397,86.6818
1667,91.68,92.2333,2.72318,86.5591
1668,92.16,92.2311,2.72237,87.0123
1669,91.9802,92.2236,2.72156,86.8425
1670,91.29,92.1956,2.72084,86.1909
1671,91.22,92.1663,2.72012,86.1248
1672,91.77,92.1544,2.71932,86.644
1673,91.748,92.1422,2.71853,86.6233
1674,91.66,92.1278,2.71774,86.5402
1675,91.82,92.1185,2.71694,86.6913
1676,91.95,92.1135,2.71613,86.814
1677,91.81,92.1044,2.71533,86.6818
1678,91.85,92.0968,2.71453,86.7196
1679,91.74,92.086,2.71374,86.6157
1680,92.11,92.0868,2.71293,86.9651
1681,91.9284,92.082,2.71212,86.7936
1682,91.925,92.0773,2.71132,86.7904
1683,91.96,92.0738,2.71052,86.8234
1684,92.01,92.0719,2.70971,86.8706
1685,91.895,92.0666,2.70891,86.7621
1686,91.68,92.055,2.70813,86.5591
1687,92.22,92.0599,2.70733,87.0689
1688,92.62,92.0767,2.70656,87.4466
1689,92.27,92.0825,2.70576,87.1161
1690,92.39,92.0917,2.70497,87.2294
1691,92.15,92.0935,2.70417,87.0028
1692,91.895,92.0875,2.70338,86.7621
1693,92.23,92.0918,2.70258,87.0784
1694,93.34,92.1293,2.70194,88.1264
1695,93.245,92.1627,2.70127,88.0367
1696,93.595,92.2057,2.70069,88.3671
1697,93.695,92.2504,2.70012,88.4615
1698,93.3499,92.2834,2.69945,88.1357
1699,93.41,92.3172,2.69879,88.1924
1700,93.5,92.3526,2.69814,88.2774
1701,93.26,92.3799,2.69743,88.0508
1702,93.7,92.4195,2.69681,88.4662
1703,93.835,92.4619,2.69623,88.5937
1704,94.145,92.5124,2.69573,88.8864
1705,94.3,92.5661,2.69526,89.0327
1706,94.19,92.6148,2.69474,88.9289
1707,94.52,92.6719,2.69433,89.2404
1708,94.36,92.7226,2.69383,89.0894
1709,94.3,92.7699,2.69329,89.0327
1710,94.26,92.8146,2.69273,88.995
1711,94.34,92.8604,2.69218,89.0705
1712,94.27,92.9027,2.6916,89.0044
1713,94.43,92.9485,2.69105,89.1555
1714,94.29,92.9887,2.69045,89.0233
1715,94.65,93.0386,2.68995,89.3632
1716,94.225,93.0741,2.68931,88.9619
1717,93.94,93.1001,2.6886,88.6928
1718,94.44,93.1403,2.688,89.1649
1719,95.11,93.1994,2.68762,89.7975
1720,94.6,93.2414,2.68704,89.316
1721,95.315,93.3036,2.68669,89.991
1722,93.75,93.317,2.68593,88.5135
1723,94.0171,93.338,2.6852,88.7656
1724,94.22,93.3645,2.68451,88.9572
1725,93.995,93.3834,2.68377,88.7448
1726,94.0286,93.4028,2.68303,88.7765
1727,94.16,93.4255,2.68231,88.9006
1728,94.86,93.4685,2.68175,89.5615
1729,94.76,93.5073,2.68114,89.467
1730,94.67,93.5421,2.6805,89.3821
1731,95.47,93.6,2.68011,90.1374
1732,96.49,93.6867,2.68018,91.1004
1733,95.88,93.7525,2.67989,90.5245
1734,95.445,93.8033,2.67941,90.1138
1735,95.39,93.8509,2.67889,90.0619
1736,96.79,93.939,2.679,91.3837
1737,97.8,94.0549,2.67973,92.3372
1738,97.73,94.1651,2.68033,92.2711
1739,97.55,94.2667,2.68071,92.1012
1740,96.93,94.3466,2.68066,91.5158
1741,96.85,94.4217,2.68052,91.4403
1742,95.73,94.4609,2.67992,90.3829
1743,96.0253,94.5078,2.6794,90.6617
1744,96.38,94.564,2.67898,90.9966
1745,96.14,94.6113,2.67847,90.77
